protocol,source,destination,captured_at_utc,ping_count,ping_interval_seconds,delay_avg_ms,delay_min_ms,delay_max_ms,jitter_ms,packet_loss_percent
ospf,a,b,2026-09-30T00:02:27.495577+00:00,20,0.2,0.13315,0.058,1.017,0.20928557045338791,0.0
ospf,a,c,2026-09-30T00:02:27.495577+00:00,20,0.2,0.0864,0.054,0.162,0.02728292313401997,0.0
ospf,a,d,2026-09-30T00:02:27.495577+00:00,20,0.2,0.1149,0.082,0.168,0.022566626499743985,0.0
ospf,a,e,2026-09-30T00:02:27.495577+00:00,20,0.2,0.09845,0.054,0.198,0.029876015728163518,0.0
ospf,b,a,2026-09-30T00:02:27.495577+00:00,20,0.2,0.1495,0.101,0.272,0.054557068141630624,0.0
ospf,b,c,2026-09-30T00:02:27.495577+00:00,20,0.2,0.13455,0.079,0.225,0.03654913779672799,0.0
ospf,b,d,2026-09-30T00:02:27.495577+00:00,20,0.2,0.0974,0.063,0.17,0.025142541009632514,0.0
ospf,b,e,2026-09-30T00:02:27.495577+00:00,20,0.2,0.07555,0.052,0.121,0.01898884714219043,0.0
ospf,c,a,2026-09-30T00:02:27.495577+00:00,20,0.2,0.0857,0.052,0.143,0.024135800009638442,0.0
ospf,c,b,2026-09-30T00:02:27.495577+00:00,20,0.2,0.07705,0.052,0.14,0.023743087636748424,0.0
ospf,c,d,2026-09-30T00:02:27.495577+00:00,20,0.2,0.1161,0.061,0.262,0.04729626668253281,0.0
ospf,c,e,2026-09-30T00:02:27.495577+00:00,20,0.2,0.099,0.064,0.174,0.027562369465020886,0.0
ospf,d,a,2026-09-30T00:02:27.495577+00:00,20,0.2,0.1449,0.083,0.255,0.0434885344841482,0.0
ospf,d,b,2026-09-30T00:02:27.495577+00:00,20,0.2,0.11895,0.067,0.201,0.03192503554793388,0.0
ospf,d,c,2026-09-30T00:02:27.495577+00:00,20,0.2,0.101,0.059,0.14,0.021230563866870406,0.0
ospf,d,e,2026-09-30T00:02:27.495577+00:00,20,0.2,0.0959,0.06,0.18,0.029406229200451283,0.0
ospf,e,a,2026-09-30T00:02:27.495577+00:00,20,0.2,0.07835,0.049,0.259,0.051731365828927386,0.0
ospf,e,b,2026-09-30T00:02:27.495577+00:00,20,0.2,0.15305,0.094,0.372,0.062111508383585486,0.0
ospf,e,c,2026-09-30T00:02:27.495577+00:00,20,0.2,0.11625,0.072,0.288,0.04742847800969149,0.0
ospf,e,d,2026-09-30T00:02:27.495577+00:00,20,0.2,0.0799,0.048,0.198,0.034258921235358925,0.0
